Year,Month,Sector,Quantity,UNIT
1987,January,Power Generation,1203.63,"1,000 Tons"
1987,February,Power Generation,1067.01,"1,000 Tons"
1987,March,Power Generation,1286.76,"1,000 Tons"
1987,April,Power Generation,1285.21,"1,000 Tons"
1987,May,Power Generation,1934.97,"1,000 Tons"
1987,June,Power Generation,1382.67,"1,000 Tons"
1987,July,Power Generation,1447.88,"1,000 Tons"
1987,August,Power Generation,1398.02,"1,000 Tons"
1987,September,Power Generation,1376.11,"1,000 Tons"
1987,October,Power Generation,1469.81,"1,000 Tons"
1987,November,Power Generation,1348.59,"1,000 Tons"
1987,December,Power Generation,1290.95,"1,000 Tons"
1987,January,Transport,1588.61,"1,000 Tons"
1987,February,Transport,1428.29,"1,000 Tons"
1987,March,Transport,1581.16,"1,000 Tons"
1987,April,Transport,1557.4,"1,000 Tons"
1987,May,Transport,1513.35,"1,000 Tons"
1987,June,Transport,1465.69,"1,000 Tons"
1987,July,Transport,1542.77,"1,000 Tons"
1987,August,Transport,1493.17,"1,000 Tons"
1987,September,Transport,1406.57,"1,000 Tons"
1987,October,Transport,1503.36,"1,000 Tons"
1987,November,Transport,1460.19,"1,000 Tons"
1987,December,Transport,1551.44,"1,000 Tons"
1987,January,Industry,733.12,"1,000 Tons"
1987,February,Industry,696.18,"1,000 Tons"
1987,March,Industry,596.39,"1,000 Tons"
1987,April,Industry,626.46,"1,000 Tons"
1987,May,Industry,778.11,"1,000 Tons"
1987,June,Industry,657.34,"1,000 Tons"
1987,July,Industry,896.46,"1,000 Tons"
1987,August,Industry,634.08,"1,000 Tons"
1987,September,Industry,663.12,"1,000 Tons"
1987,October,Industry,695.43,"1,000 Tons"
1987,November,Industry,713.61,"1,000 Tons"
1987,December,Industry,802,"1,000 Tons"
1987,January,Other,587.72,"1,000 Tons"
1987,February,Other,535.58,"1,000 Tons"
1987,March,Other,584.31,"1,000 Tons"
1987,April,Other,565.79,"1,000 Tons"
1987,May,Other,563.24,"1,000 Tons"
1987,June,Other,547.36,"1,000 Tons"
1987,July,Other,573.08,"1,000 Tons"
1987,August,Other,561.04,"1,000 Tons"
1987,September,Other,536.44,"1,000 Tons"
1987,October,Other,562.94,"1,000 Tons"
1987,November,Other,550.84,"1,000 Tons"
1987,December,Other,598.06,"1,000 Tons"
1988,January,Power Generation,1444.54,"1,000 Tons"
1988,February,Power Generation,1373.43,"1,000 Tons"
1988,March,Power Generation,1463.92,"1,000 Tons"
1988,April,Power Generation,1505.2,"1,000 Tons"
1988,May,Power Generation,1582.19,"1,000 Tons"
1988,June,Power Generation,1568.55,"1,000 Tons"
1988,July,Power Generation,1596.39,"1,000 Tons"
1988,August,Power Generation,1630.5,"1,000 Tons"
1988,September,Power Generation,1539.57,"1,000 Tons"
1988,October,Power Generation,1653.87,"1,000 Tons"
1988,November,Power Generation,1522.69,"1,000 Tons"
1988,December,Power Generation,1499.18,"1,000 Tons"
1988,January,Transport,1767.64,"1,000 Tons"
1988,February,Transport,1704.75,"1,000 Tons"
1988,March,Transport,1872.79,"1,000 Tons"
1988,April,Transport,1798.04,"1,000 Tons"
1988,May,Transport,1734.7,"1,000 Tons"
1988,June,Transport,1757.52,"1,000 Tons"
1988,July,Transport,1717.99,"1,000 Tons"
1988,August,Transport,1748.65,"1,000 Tons"
1988,September,Transport,1682.44,"1,000 Tons"
1988,October,Transport,1637.48,"1,000 Tons"
1988,November,Transport,1729.29,"1,000 Tons"
1988,December,Transport,1895.82,"1,000 Tons"
1988,January,Industry,769.46,"1,000 Tons"
1988,February,Industry,648.58,"1,000 Tons"
1988,March,Industry,817.79,"1,000 Tons"
1988,April,Industry,828.46,"1,000 Tons"
1988,May,Industry,892.11,"1,000 Tons"
1988,June,Industry,716.31,"1,000 Tons"
1988,July,Industry,809.7,"1,000 Tons"
1988,August,Industry,751.4,"1,000 Tons"
1988,September,Industry,773.2,"1,000 Tons"
1988,October,Industry,887.38,"1,000 Tons"
1988,November,Industry,749.06,"1,000 Tons"
1988,December,Industry,775.86,"1,000 Tons"
1988,January,Other,612.46,"1,000 Tons"
1988,February,Other,585.51,"1,000 Tons"
1988,March,Other,644.01,"1,000 Tons"
1988,April,Other,610.45,"1,000 Tons"
1988,May,Other,608.08,"1,000 Tons"
1988,June,Other,614.14,"1,000 Tons"
1988,July,Other,598.88,"1,000 Tons"
1988,August,Other,617.01,"1,000 Tons"
1988,September,Other,599.55,"1,000 Tons"
1988,October,Other,586.19,"1,000 Tons"
1988,November,Other,615.34,"1,000 Tons"
1988,December,Other,672.04,"1,000 Tons"
1989,January,Power Generation,1619.43,"1,000 Tons"
1989,February,Power Generation,1481.89,"1,000 Tons"
1989,March,Power Generation,1654.72,"1,000 Tons"
1989,April,Power Generation,1634.98,"1,000 Tons"
1989,May,Power Generation,1715.31,"1,000 Tons"
1989,June,Power Generation,1793.13,"1,000 Tons"
1989,July,Power Generation,1838.56,"1,000 Tons"
1989,August,Power Generation,1811.57,"1,000 Tons"
1989,September,Power Generation,1752.23,"1,000 Tons"
1989,October,Power Generation,1833.34,"1,000 Tons"
1989,November,Power Generation,1766.25,"1,000 Tons"
1989,December,Power Generation,1869.38,"1,000 Tons"
1989,January,Transport,2069.27,"1,000 Tons"
1989,February,Transport,1914.9,"1,000 Tons"
1989,March,Transport,2228.95,"1,000 Tons"
1989,April,Transport,2163.71,"1,000 Tons"
1989,May,Transport,2189.01,"1,000 Tons"
1989,June,Transport,2097.96,"1,000 Tons"
1989,July,Transport,2107.53,"1,000 Tons"
1989,August,Transport,2095.09,"1,000 Tons"
1989,September,Transport,1995.35,"1,000 Tons"
1989,October,Transport,2029.26,"1,000 Tons"
1989,November,Transport,2089.01,"1,000 Tons"
1989,December,Transport,2222.37,"1,000 Tons"
1989,January,Industry,1074.26,"1,000 Tons"
1989,February,Industry,863.65,"1,000 Tons"
1989,March,Industry,1016.19,"1,000 Tons"
1989,April,Industry,802.52,"1,000 Tons"
1989,May,Industry,885.62,"1,000 Tons"
1989,June,Industry,1123.18,"1,000 Tons"
1989,July,Industry,943.15,"1,000 Tons"
1989,August,Industry,1019.28,"1,000 Tons"
1989,September,Industry,866.32,"1,000 Tons"
1989,October,Industry,981.91,"1,000 Tons"
1989,November,Industry,1148.28,"1,000 Tons"
1989,December,Industry,1078.52,"1,000 Tons"
1989,January,Other,672.91,"1,000 Tons"
1989,February,Other,617.2,"1,000 Tons"
1989,March,Other,713.53,"1,000 Tons"
1989,April,Other,683.78,"1,000 Tons"
1989,May,Other,702.96,"1,000 Tons"
1989,June,Other,672.7,"1,000 Tons"
1989,July,Other,679.24,"1,000 Tons"
1989,August,Other,686.06,"1,000 Tons"
1989,September,Other,651.62,"1,000 Tons"
1989,October,Other,660.1,"1,000 Tons"
1989,November,Other,677.89,"1,000 Tons"
1989,December,Other,726.54,"1,000 Tons"
1990,January,Power Generation,2156.46,"1,000 Tons"
1990,February,Power Generation,1950.89,"1,000 Tons"
1990,March,Power Generation,2266.2,"1,000 Tons"
1990,April,Power Generation,2274.52,"1,000 Tons"
1990,May,Power Generation,2363.01,"1,000 Tons"
1990,June,Power Generation,2376.64,"1,000 Tons"
1990,July,Power Generation,2389.25,"1,000 Tons"
1990,August,Power Generation,2482.44,"1,000 Tons"
1990,September,Power Generation,2362.64,"1,000 Tons"
1990,October,Power Generation,2523.01,"1,000 Tons"
1990,November,Power Generation,2495.1,"1,000 Tons"
1990,December,Power Generation,2508.91,"1,000 Tons"
1990,January,Transport,2415.54,"1,000 Tons"
1990,February,Transport,2219.57,"1,000 Tons"
1990,March,Transport,2477.71,"1,000 Tons"
1990,April,Transport,2352.33,"1,000 Tons"
1990,May,Transport,2396.02,"1,000 Tons"
1990,June,Transport,2351.43,"1,000 Tons"
1990,July,Transport,2353.07,"1,000 Tons"
1990,August,Transport,2540.02,"1,000 Tons"
1990,September,Transport,2429.25,"1,000 Tons"
1990,October,Transport,2183.88,"1,000 Tons"
1990,November,Transport,2287.4,"1,000 Tons"
1990,December,Transport,2348.23,"1,000 Tons"
1990,January,Industry,1126.67,"1,000 Tons"
1990,February,Industry,1043.84,"1,000 Tons"
1990,March,Industry,1207.85,"1,000 Tons"
1990,April,Industry,1086.55,"1,000 Tons"
1990,May,Industry,1224.79,"1,000 Tons"
1990,June,Industry,1372.26,"1,000 Tons"
1990,July,Industry,1151.42,"1,000 Tons"
1990,August,Industry,1258.43,"1,000 Tons"
1990,September,Industry,1176,"1,000 Tons"
1990,October,Industry,1202.25,"1,000 Tons"
1990,November,Industry,1299.57,"1,000 Tons"
1990,December,Industry,1310.34,"1,000 Tons"
1990,January,Other,744.42,"1,000 Tons"
1990,February,Other,695.58,"1,000 Tons"
1990,March,Other,766.36,"1,000 Tons"
1990,April,Other,710.96,"1,000 Tons"
1990,May,Other,742.17,"1,000 Tons"
1990,June,Other,731.84,"1,000 Tons"
1990,July,Other,743.06,"1,000 Tons"
1990,August,Other,800.38,"1,000 Tons"
1990,September,Other,760.76,"1,000 Tons"
1990,October,Other,685.23,"1,000 Tons"
1990,November,Other,717.91,"1,000 Tons"
1990,December,Other,739.78,"1,000 Tons"
1991,January,Power Generation,2981.89,"1,000 Tons"
1991,February,Power Generation,2532.42,"1,000 Tons"
1991,March,Power Generation,2966.76,"1,000 Tons"
1991,April,Power Generation,2810.14,"1,000 Tons"
1991,May,Power Generation,3012.06,"1,000 Tons"
1991,June,Power Generation,2966.33,"1,000 Tons"
1991,July,Power Generation,3078.93,"1,000 Tons"
1991,August,Power Generation,2847,"1,000 Tons"
1991,September,Power Generation,2900,"1,000 Tons"
1991,October,Power Generation,2924.41,"1,000 Tons"
1991,November,Power Generation,2785.47,"1,000 Tons"
1991,December,Power Generation,2944.66,"1,000 Tons"
1991,January,Transport,2650.84,"1,000 Tons"
1991,February,Transport,2321.37,"1,000 Tons"
1991,March,Transport,2522.32,"1,000 Tons"
1991,April,Transport,2496.3,"1,000 Tons"
1991,May,Transport,2498.86,"1,000 Tons"
1991,June,Transport,2410.31,"1,000 Tons"
1991,July,Transport,2475.9,"1,000 Tons"
1991,August,Transport,2456.54,"1,000 Tons"
1991,September,Transport,2198.19,"1,000 Tons"
1991,October,Transport,2245.9,"1,000 Tons"
1991,November,Transport,2310.31,"1,000 Tons"
1991,December,Transport,2391.25,"1,000 Tons"
1991,January,Industry,1389.19,"1,000 Tons"
1991,February,Industry,1155.48,"1,000 Tons"
1991,March,Industry,1283.23,"1,000 Tons"
1991,April,Industry,1266.23,"1,000 Tons"
1991,May,Industry,1297.47,"1,000 Tons"
1991,June,Industry,1269.65,"1,000 Tons"
1991,July,Industry,1385.05,"1,000 Tons"
1991,August,Industry,1325.3,"1,000 Tons"
1991,September,Industry,1368.03,"1,000 Tons"
1991,October,Industry,1316.86,"1,000 Tons"
1991,November,Industry,1431.98,"1,000 Tons"
1991,December,Industry,1573.7,"1,000 Tons"
1991,January,Other,830.3,"1,000 Tons"
1991,February,Other,721.49,"1,000 Tons"
1991,March,Other,781.45,"1,000 Tons"
1991,April,Other,760.36,"1,000 Tons"
1991,May,Other,778.37,"1,000 Tons"
1991,June,Other,741.18,"1,000 Tons"
1991,July,Other,763.19,"1,000 Tons"
1991,August,Other,757.37,"1,000 Tons"
1991,September,Other,685.95,"1,000 Tons"
1991,October,Other,695.7,"1,000 Tons"
1991,November,Other,709.93,"1,000 Tons"
1991,December,Other,740.24,"1,000 Tons"
1992,January,Power Generation,3068.68,"1,000 Tons"
1992,February,Power Generation,2792.46,"1,000 Tons"
1992,March,Power Generation,3051.82,"1,000 Tons"
1992,April,Power Generation,3140.59,"1,000 Tons"
1992,May,Power Generation,3196.61,"1,000 Tons"
1992,June,Power Generation,3387.61,"1,000 Tons"
1992,July,Power Generation,3347.96,"1,000 Tons"
1992,August,Power Generation,3317.57,"1,000 Tons"
1992,September,Power Generation,3197.57,"1,000 Tons"
1992,October,Power Generation,3231.05,"1,000 Tons"
1992,November,Power Generation,3029.45,"1,000 Tons"
1992,December,Power Generation,3037.12,"1,000 Tons"
1992,January,Transport,2534.59,"1,000 Tons"
1992,February,Transport,2476.01,"1,000 Tons"
1992,March,Transport,2632.69,"1,000 Tons"
1992,April,Transport,2586.91,"1,000 Tons"
1992,May,Transport,2590.61,"1,000 Tons"
1992,June,Transport,2534.79,"1,000 Tons"
1992,July,Transport,2526.81,"1,000 Tons"
1992,August,Transport,2467.68,"1,000 Tons"
1992,September,Transport,2467.49,"1,000 Tons"
1992,October,Transport,2575.59,"1,000 Tons"
1992,November,Transport,2576.95,"1,000 Tons"
1992,December,Transport,2942.36,"1,000 Tons"
1992,January,Industry,1539.01,"1,000 Tons"
1992,February,Industry,1478.24,"1,000 Tons"
1992,March,Industry,1629.88,"1,000 Tons"
1992,April,Industry,1460.95,"1,000 Tons"
1992,May,Industry,1612.87,"1,000 Tons"
1992,June,Industry,1687.04,"1,000 Tons"
1992,July,Industry,1522.63,"1,000 Tons"
1992,August,Industry,1400.66,"1,000 Tons"
1992,September,Industry,1636.14,"1,000 Tons"
1992,October,Industry,1619.4,"1,000 Tons"
1992,November,Industry,1595.59,"1,000 Tons"
1992,December,Industry,1592.95,"1,000 Tons"
1992,January,Other,793.97,"1,000 Tons"
1992,February,Other,762.21,"1,000 Tons"
1992,March,Other,801.78,"1,000 Tons"
1992,April,Other,766.36,"1,000 Tons"
1992,May,Other,778.52,"1,000 Tons"
1992,June,Other,772.68,"1,000 Tons"
1992,July,Other,772.44,"1,000 Tons"
1992,August,Other,764.68,"1,000 Tons"
1992,September,Other,760.83,"1,000 Tons"
1992,October,Other,789.77,"1,000 Tons"
1992,November,Other,801.49,"1,000 Tons"
1992,December,Other,911,"1,000 Tons"
1993,January,Power Generation,3080.97,"1,000 Tons"
1993,February,Power Generation,2954.07,"1,000 Tons"
1993,March,Power Generation,3400.8,"1,000 Tons"
1993,April,Power Generation,3410.26,"1,000 Tons"
1993,May,Power Generation,3784.46,"1,000 Tons"
1993,June,Power Generation,3616.88,"1,000 Tons"
1993,July,Power Generation,3669.23,"1,000 Tons"
1993,August,Power Generation,3592.71,"1,000 Tons"
1993,September,Power Generation,3433.55,"1,000 Tons"
1993,October,Power Generation,3466.33,"1,000 Tons"
1993,November,Power Generation,3265.76,"1,000 Tons"
1993,December,Power Generation,3291.49,"1,000 Tons"
1993,January,Transport,2995.46,"1,000 Tons"
1993,February,Transport,2848.88,"1,000 Tons"
1993,March,Transport,3157.08,"1,000 Tons"
1993,April,Transport,3068.95,"1,000 Tons"
1993,May,Transport,3114.44,"1,000 Tons"
1993,June,Transport,3039.28,"1,000 Tons"
1993,July,Transport,3104.99,"1,000 Tons"
1993,August,Transport,2970.64,"1,000 Tons"
1993,September,Transport,2895.95,"1,000 Tons"
1993,October,Transport,2991.49,"1,000 Tons"
1993,November,Transport,3130.75,"1,000 Tons"
1993,December,Transport,3216.48,"1,000 Tons"
1993,January,Industry,1696,"1,000 Tons"
1993,February,Industry,1685.6,"1,000 Tons"
1993,March,Industry,1944.17,"1,000 Tons"
1993,April,Industry,1812.58,"1,000 Tons"
1993,May,Industry,1916.74,"1,000 Tons"
1993,June,Industry,1948.51,"1,000 Tons"
1993,July,Industry,1922.03,"1,000 Tons"
1993,August,Industry,1957.12,"1,000 Tons"
1993,September,Industry,2040.19,"1,000 Tons"
1993,October,Industry,1959.29,"1,000 Tons"
1993,November,Industry,2210.1,"1,000 Tons"
1993,December,Industry,1999.67,"1,000 Tons"
1993,January,Other,726.02,"1,000 Tons"
1993,February,Other,699.68,"1,000 Tons"
1993,March,Other,758.03,"1,000 Tons"
1993,April,Other,718.31,"1,000 Tons"
1993,May,Other,733.99,"1,000 Tons"
1993,June,Other,722.66,"1,000 Tons"
1993,July,Other,738.2,"1,000 Tons"
1993,August,Other,715.53,"1,000 Tons"
1993,September,Other,709.12,"1,000 Tons"
1993,October,Other,728.27,"1,000 Tons"
1993,November,Other,754.69,"1,000 Tons"
1993,December,Other,784.86,"1,000 Tons"
1994,January,Power Generation,3415.32,"1,000 Tons"
1994,February,Power Generation,3336.84,"1,000 Tons"
1994,March,Power Generation,4055.45,"1,000 Tons"
1994,April,Power Generation,3861.49,"1,000 Tons"
1994,May,Power Generation,4003.65,"1,000 Tons"
1994,June,Power Generation,3957.35,"1,000 Tons"
1994,July,Power Generation,4062.24,"1,000 Tons"
1994,August,Power Generation,3953.36,"1,000 Tons"
1994,September,Power Generation,3847.73,"1,000 Tons"
1994,October,Power Generation,3790.81,"1,000 Tons"
1994,November,Power Generation,3617.65,"1,000 Tons"
1994,December,Power Generation,3656.88,"1,000 Tons"
1994,January,Transport,3285.76,"1,000 Tons"
1994,February,Transport,3101.77,"1,000 Tons"
1994,March,Transport,3379.19,"1,000 Tons"
1994,April,Transport,3399.84,"1,000 Tons"
1994,May,Transport,3395.45,"1,000 Tons"
1994,June,Transport,3447.65,"1,000 Tons"
1994,July,Transport,3487.98,"1,000 Tons"
1994,August,Transport,3422.44,"1,000 Tons"
1994,September,Transport,3264.2,"1,000 Tons"
1994,October,Transport,3437.4,"1,000 Tons"
1994,November,Transport,3532.99,"1,000 Tons"
1994,December,Transport,3783.85,"1,000 Tons"
1994,January,Industry,2311.27,"1,000 Tons"
1994,February,Industry,1938.78,"1,000 Tons"
1994,March,Industry,2179.34,"1,000 Tons"
1994,April,Industry,2175,"1,000 Tons"
1994,May,Industry,2292.86,"1,000 Tons"
1994,June,Industry,2199.22,"1,000 Tons"
1994,July,Industry,2108.91,"1,000 Tons"
1994,August,Industry,2332.16,"1,000 Tons"
1994,September,Industry,2289.95,"1,000 Tons"
1994,October,Industry,2298.05,"1,000 Tons"
1994,November,Industry,2382.23,"1,000 Tons"
1994,December,Industry,2421.31,"1,000 Tons"
1994,January,Other,771.6,"1,000 Tons"
1994,February,Other,717.44,"1,000 Tons"
1994,March,Other,781.92,"1,000 Tons"
1994,April,Other,756.04,"1,000 Tons"
1994,May,Other,780.43,"1,000 Tons"
1994,June,Other,785.99,"1,000 Tons"
1994,July,Other,798.64,"1,000 Tons"
1994,August,Other,799.11,"1,000 Tons"
1994,September,Other,771.42,"1,000 Tons"
1994,October,Other,801.22,"1,000 Tons"
1994,November,Other,818.11,"1,000 Tons"
1994,December,Other,867.85,"1,000 Tons"
1995,January,Power Generation,3603.44,"1,000 Tons"
1995,February,Power Generation,3515.1,"1,000 Tons"
1995,March,Power Generation,4279.41,"1,000 Tons"
1995,April,Power Generation,4070.54,"1,000 Tons"
1995,May,Power Generation,4411.15,"1,000 Tons"
1995,June,Power Generation,4412.06,"1,000 Tons"
1995,July,Power Generation,4470.7,"1,000 Tons"
1995,August,Power Generation,4324.69,"1,000 Tons"
1995,September,Power Generation,3853.7,"1,000 Tons"
1995,October,Power Generation,3969.85,"1,000 Tons"
1995,November,Power Generation,4020.28,"1,000 Tons"
1995,December,Power Generation,4083.13,"1,000 Tons"
1995,January,Transport,3811.96,"1,000 Tons"
1995,February,Transport,3609.37,"1,000 Tons"
1995,March,Transport,4206,"1,000 Tons"
1995,April,Transport,4076.03,"1,000 Tons"
1995,May,Transport,4339.78,"1,000 Tons"
1995,June,Transport,4179.12,"1,000 Tons"
1995,July,Transport,4052.13,"1,000 Tons"
1995,August,Transport,4031.14,"1,000 Tons"
1995,September,Transport,3733.44,"1,000 Tons"
1995,October,Transport,3929.05,"1,000 Tons"
1995,November,Transport,4016.43,"1,000 Tons"
1995,December,Transport,4226.35,"1,000 Tons"
1995,January,Industry,2667.15,"1,000 Tons"
1995,February,Industry,2498.51,"1,000 Tons"
1995,March,Industry,2672.38,"1,000 Tons"
1995,April,Industry,2503.76,"1,000 Tons"
1995,May,Industry,2658.06,"1,000 Tons"
1995,June,Industry,2631.71,"1,000 Tons"
1995,July,Industry,2685.42,"1,000 Tons"
1995,August,Industry,2519.85,"1,000 Tons"
1995,September,Industry,2536.76,"1,000 Tons"
1995,October,Industry,2451.78,"1,000 Tons"
1995,November,Industry,2591.09,"1,000 Tons"
1995,December,Industry,2614.23,"1,000 Tons"
1995,January,Other,760.43,"1,000 Tons"
1995,February,Other,716.01,"1,000 Tons"
1995,March,Other,812.53,"1,000 Tons"
1995,April,Other,759.62,"1,000 Tons"
1995,May,Other,831.29,"1,000 Tons"
1995,June,Other,803.12,"1,000 Tons"
1995,July,Other,788.28,"1,000 Tons"
1995,August,Other,802.66,"1,000 Tons"
1995,September,Other,744.1,"1,000 Tons"
1995,October,Other,785.93,"1,000 Tons"
1995,November,Other,798.69,"1,000 Tons"
1995,December,Other,833.44,"1,000 Tons"
1996,January,Power Generation,4249.43,"1,000 Tons"
1996,February,Power Generation,4115.82,"1,000 Tons"
1996,March,Power Generation,4790.97,"1,000 Tons"
1996,April,Power Generation,4694.7,"1,000 Tons"
1996,May,Power Generation,4887.66,"1,000 Tons"
1996,June,Power Generation,4869.66,"1,000 Tons"
1996,July,Power Generation,5158.65,"1,000 Tons"
1996,August,Power Generation,5080.43,"1,000 Tons"
1996,September,Power Generation,4703.95,"1,000 Tons"
1996,October,Power Generation,4908.87,"1,000 Tons"
1996,November,Power Generation,4720.32,"1,000 Tons"
1996,December,Power Generation,4706.91,"1,000 Tons"
1996,January,Transport,4106.11,"1,000 Tons"
1996,February,Transport,4162.28,"1,000 Tons"
1996,March,Transport,4492.43,"1,000 Tons"
1996,April,Transport,4382.35,"1,000 Tons"
1996,May,Transport,4533.31,"1,000 Tons"
1996,June,Transport,4582.55,"1,000 Tons"
1996,July,Transport,4616.21,"1,000 Tons"
1996,August,Transport,4548.5,"1,000 Tons"
1996,September,Transport,4111.58,"1,000 Tons"
1996,October,Transport,4320.59,"1,000 Tons"
1996,November,Transport,4342.81,"1,000 Tons"
1996,December,Transport,4511.93,"1,000 Tons"
1996,January,Industry,2806.9,"1,000 Tons"
1996,February,Industry,2869.44,"1,000 Tons"
1996,March,Industry,3060.6,"1,000 Tons"
1996,April,Industry,2960.88,"1,000 Tons"
1996,May,Industry,2649.34,"1,000 Tons"
1996,June,Industry,2902.24,"1,000 Tons"
1996,July,Industry,3041.51,"1,000 Tons"
1996,August,Industry,2933.73,"1,000 Tons"
1996,September,Industry,3003.67,"1,000 Tons"
1996,October,Industry,2920.55,"1,000 Tons"
1996,November,Industry,2789.11,"1,000 Tons"
1996,December,Industry,3273.06,"1,000 Tons"
1996,January,Other,861.8,"1,000 Tons"
1996,February,Other,851.97,"1,000 Tons"
1996,March,Other,900.62,"1,000 Tons"
1996,April,Other,862.28,"1,000 Tons"
1996,May,Other,914.16,"1,000 Tons"
1996,June,Other,910.11,"1,000 Tons"
1996,July,Other,933.6,"1,000 Tons"
1996,August,Other,933.82,"1,000 Tons"
1996,September,Other,861.31,"1,000 Tons"
1996,October,Other,897.87,"1,000 Tons"
1996,November,Other,886.76,"1,000 Tons"
1996,December,Other,929.76,"1,000 Tons"
1997,January,Power Generation,4751.37,"1,000 Tons"
1997,February,Power Generation,4533.81,"1,000 Tons"
1997,March,Power Generation,5354.49,"1,000 Tons"
1997,April,Power Generation,5069.03,"1,000 Tons"
1997,May,Power Generation,5454.52,"1,000 Tons"
1997,June,Power Generation,5553.54,"1,000 Tons"
1997,July,Power Generation,5580.1,"1,000 Tons"
1997,August,Power Generation,5312.82,"1,000 Tons"
1997,September,Power Generation,4887.17,"1,000 Tons"
1997,October,Power Generation,5105.43,"1,000 Tons"
1997,November,Power Generation,4810.95,"1,000 Tons"
1997,December,Power Generation,4828.65,"1,000 Tons"
1997,January,Transport,4770.96,"1,000 Tons"
1997,February,Transport,4499.02,"1,000 Tons"
1997,March,Transport,5092.68,"1,000 Tons"
1997,April,Transport,4809.06,"1,000 Tons"
1997,May,Transport,5159.52,"1,000 Tons"
1997,June,Transport,4866.08,"1,000 Tons"
1997,July,Transport,4831.29,"1,000 Tons"
1997,August,Transport,4445.37,"1,000 Tons"
1997,September,Transport,4117.5,"1,000 Tons"
1997,October,Transport,4277.02,"1,000 Tons"
1997,November,Transport,3911.27,"1,000 Tons"
1997,December,Transport,4455.35,"1,000 Tons"
1997,January,Industry,2852.55,"1,000 Tons"
1997,February,Industry,2791.18,"1,000 Tons"
1997,March,Industry,2961.43,"1,000 Tons"
1997,April,Industry,2869.45,"1,000 Tons"
1997,May,Industry,2784.17,"1,000 Tons"
1997,June,Industry,3008.02,"1,000 Tons"
1997,July,Industry,2785.71,"1,000 Tons"
1997,August,Industry,3156.63,"1,000 Tons"
1997,September,Industry,2574.69,"1,000 Tons"
1997,October,Industry,2673.5,"1,000 Tons"
1997,November,Industry,2755.38,"1,000 Tons"
1997,December,Industry,2505.1,"1,000 Tons"
1997,January,Other,961.5,"1,000 Tons"
1997,February,Other,871.02,"1,000 Tons"
1997,March,Other,980.51,"1,000 Tons"
1997,April,Other,925.6,"1,000 Tons"
1997,May,Other,992.73,"1,000 Tons"
1997,June,Other,940.38,"1,000 Tons"
1997,July,Other,949.5,"1,000 Tons"
1997,August,Other,906.55,"1,000 Tons"
1997,September,Other,861.85,"1,000 Tons"
1997,October,Other,836.91,"1,000 Tons"
1997,November,Other,776.98,"1,000 Tons"
1997,December,Other,859.18,"1,000 Tons"
1998,January,Power Generation,4631.1,"1,000 Tons"
1998,February,Power Generation,4499.75,"1,000 Tons"
1998,March,Power Generation,5125.25,"1,000 Tons"
1998,April,Power Generation,4747.39,"1,000 Tons"
1998,May,Power Generation,5146.14,"1,000 Tons"
1998,June,Power Generation,5144.6,"1,000 Tons"
1998,July,Power Generation,5008.99,"1,000 Tons"
1998,August,Power Generation,4912.62,"1,000 Tons"
1998,September,Power Generation,4494.41,"1,000 Tons"
1998,October,Power Generation,4859.96,"1,000 Tons"
1998,November,Power Generation,4768.36,"1,000 Tons"
1998,December,Power Generation,4673.69,"1,000 Tons"
1998,January,Transport,4125.59,"1,000 Tons"
1998,February,Transport,3707.48,"1,000 Tons"
1998,March,Transport,4149.66,"1,000 Tons"
1998,April,Transport,3996.22,"1,000 Tons"
1998,May,Transport,4065.48,"1,000 Tons"
1998,June,Transport,3908.11,"1,000 Tons"
1998,July,Transport,3759.2,"1,000 Tons"
1998,August,Transport,3773.06,"1,000 Tons"
1998,September,Transport,3750.21,"1,000 Tons"
1998,October,Transport,3890.28,"1,000 Tons"
1998,November,Transport,3605.32,"1,000 Tons"
1998,December,Transport,4040.21,"1,000 Tons"
1998,January,Industry,1994.86,"1,000 Tons"
1998,February,Industry,1946.13,"1,000 Tons"
1998,March,Industry,2348.2,"1,000 Tons"
1998,April,Industry,2637.75,"1,000 Tons"
1998,May,Industry,2930.99,"1,000 Tons"
1998,June,Industry,2439.7,"1,000 Tons"
1998,July,Industry,2207.31,"1,000 Tons"
1998,August,Industry,2414.28,"1,000 Tons"
1998,September,Industry,2448.35,"1,000 Tons"
1998,October,Industry,2150.6,"1,000 Tons"
1998,November,Industry,2108.37,"1,000 Tons"
1998,December,Industry,2147.74,"1,000 Tons"
1998,January,Other,1122.92,"1,000 Tons"
1998,February,Other,1011.54,"1,000 Tons"
1998,March,Other,1139.56,"1,000 Tons"
1998,April,Other,1074.76,"1,000 Tons"
1998,May,Other,1107.27,"1,000 Tons"
1998,June,Other,1073.28,"1,000 Tons"
1998,July,Other,1047.75,"1,000 Tons"
1998,August,Other,1046.7,"1,000 Tons"
1998,September,Other,1045.94,"1,000 Tons"
1998,October,Other,1079.65,"1,000 Tons"
1998,November,Other,1015.18,"1,000 Tons"
1998,December,Other,1129.63,"1,000 Tons"
1999,January,Power Generation,4563.12,"1,000 Tons"
1999,February,Power Generation,4231.51,"1,000 Tons"
1999,March,Power Generation,5188.29,"1,000 Tons"
1999,April,Power Generation,4790.63,"1,000 Tons"
1999,May,Power Generation,5023.71,"1,000 Tons"
1999,June,Power Generation,5024.64,"1,000 Tons"
1999,July,Power Generation,5142.65,"1,000 Tons"
1999,August,Power Generation,5191.42,"1,000 Tons"
1999,September,Power Generation,5249.25,"1,000 Tons"
1999,October,Power Generation,5176.34,"1,000 Tons"
1999,November,Power Generation,5093.1,"1,000 Tons"
1999,December,Power Generation,5020.15,"1,000 Tons"
1999,January,Transport,3870.18,"1,000 Tons"
1999,February,Transport,3712.16,"1,000 Tons"
1999,March,Transport,4235.21,"1,000 Tons"
1999,April,Transport,4021.25,"1,000 Tons"
1999,May,Transport,3892.15,"1,000 Tons"
1999,June,Transport,3962.27,"1,000 Tons"
1999,July,Transport,4167.62,"1,000 Tons"
1999,August,Transport,3947.43,"1,000 Tons"
1999,September,Transport,3692.86,"1,000 Tons"
1999,October,Transport,3532.15,"1,000 Tons"
1999,November,Transport,3789.57,"1,000 Tons"
1999,December,Transport,4093.7,"1,000 Tons"
1999,January,Industry,2227.86,"1,000 Tons"
1999,February,Industry,2580.84,"1,000 Tons"
1999,March,Industry,2750.56,"1,000 Tons"
1999,April,Industry,3084.69,"1,000 Tons"
1999,May,Industry,2639.13,"1,000 Tons"
1999,June,Industry,2710.63,"1,000 Tons"
1999,July,Industry,2519.77,"1,000 Tons"
1999,August,Industry,2927.67,"1,000 Tons"
1999,September,Industry,2260.21,"1,000 Tons"
1999,October,Industry,2322.12,"1,000 Tons"
1999,November,Industry,1815,"1,000 Tons"
1999,December,Industry,1648.53,"1,000 Tons"
1999,January,Other,1127.82,"1,000 Tons"
1999,February,Other,1075.7,"1,000 Tons"
1999,March,Other,1212.05,"1,000 Tons"
1999,April,Other,1136.85,"1,000 Tons"
1999,May,Other,1138.05,"1,000 Tons"
1999,June,Other,1159.45,"1,000 Tons"
1999,July,Other,1213.15,"1,000 Tons"
1999,August,Other,1176.05,"1,000 Tons"
1999,September,Other,1110.79,"1,000 Tons"
1999,October,Other,1068.17,"1,000 Tons"
1999,November,Other,1129.98,"1,000 Tons"
1999,December,Other,1235.12,"1,000 Tons"
2000,January,Power Generation,4708.19,"1,000 Tons"
2000,February,Power Generation,4672.87,"1,000 Tons"
2000,March,Power Generation,5239.91,"1,000 Tons"
2000,April,Power Generation,4742.03,"1,000 Tons"
2000,May,Power Generation,5553.52,"1,000 Tons"
2000,June,Power Generation,5459.99,"1,000 Tons"
2000,July,Power Generation,5486.2,"1,000 Tons"
2000,August,Power Generation,5466.07,"1,000 Tons"
2000,September,Power Generation,5103.99,"1,000 Tons"
2000,October,Power Generation,5490.06,"1,000 Tons"
2000,November,Power Generation,5239.55,"1,000 Tons"
2000,December,Power Generation,5274.53,"1,000 Tons"
2000,January,Transport,4026.16,"1,000 Tons"
2000,February,Transport,3698.44,"1,000 Tons"
2000,March,Transport,4040.75,"1,000 Tons"
2000,April,Transport,4005.59,"1,000 Tons"
2000,May,Transport,4085.74,"1,000 Tons"
2000,June,Transport,3816.79,"1,000 Tons"
2000,July,Transport,3734.97,"1,000 Tons"
2000,August,Transport,3774.7,"1,000 Tons"
2000,September,Transport,3424.12,"1,000 Tons"
2000,October,Transport,3482.68,"1,000 Tons"
2000,November,Transport,3582.67,"1,000 Tons"
2000,December,Transport,3909.72,"1,000 Tons"
2000,January,Industry,2617.58,"1,000 Tons"
2000,February,Industry,2661.27,"1,000 Tons"
2000,March,Industry,2753.89,"1,000 Tons"
2000,April,Industry,2397.91,"1,000 Tons"
2000,May,Industry,2263.27,"1,000 Tons"
2000,June,Industry,2649.21,"1,000 Tons"
2000,July,Industry,2485.85,"1,000 Tons"
2000,August,Industry,2731.68,"1,000 Tons"
2000,September,Industry,2782.12,"1,000 Tons"
2000,October,Industry,1977.65,"1,000 Tons"
2000,November,Industry,1969.51,"1,000 Tons"
2000,December,Industry,2020.38,"1,000 Tons"
2000,January,Other,1158.1,"1,000 Tons"
2000,February,Other,1083.81,"1,000 Tons"
2000,March,Other,1171.93,"1,000 Tons"
2000,April,Other,1127.83,"1,000 Tons"
2000,May,Other,1195.22,"1,000 Tons"
2000,June,Other,1113.33,"1,000 Tons"
2000,July,Other,1105.5,"1,000 Tons"
2000,August,Other,1158.69,"1,000 Tons"
2000,September,Other,1050.02,"1,000 Tons"
2000,October,Other,1058.66,"1,000 Tons"
2000,November,Other,1102.75,"1,000 Tons"
2000,December,Other,1176.59,"1,000 Tons"
2001,January,Power Generation,4873.52,"1,000 Tons"
2001,February,Power Generation,4559.71,"1,000 Tons"
2001,March,Power Generation,5340.31,"1,000 Tons"
2001,April,Power Generation,5382.04,"1,000 Tons"
2001,May,Power Generation,5536.64,"1,000 Tons"
2001,June,Power Generation,5435.56,"1,000 Tons"
2001,July,Power Generation,5455.82,"1,000 Tons"
2001,August,Power Generation,5499.12,"1,000 Tons"
2001,September,Power Generation,5189.65,"1,000 Tons"
2001,October,Power Generation,5338.55,"1,000 Tons"
2001,November,Power Generation,5105.75,"1,000 Tons"
2001,December,Power Generation,5042.16,"1,000 Tons"
2001,January,Transport,3856.04,"1,000 Tons"
2001,February,Transport,3595.11,"1,000 Tons"
2001,March,Transport,3950.92,"1,000 Tons"
2001,April,Transport,4059.05,"1,000 Tons"
2001,May,Transport,3932.95,"1,000 Tons"
2001,June,Transport,3851.46,"1,000 Tons"
2001,July,Transport,3874.04,"1,000 Tons"
2001,August,Transport,3871.26,"1,000 Tons"
2001,September,Transport,3639.03,"1,000 Tons"
2001,October,Transport,3820.39,"1,000 Tons"
2001,November,Transport,3863.94,"1,000 Tons"
2001,December,Transport,4242.7,"1,000 Tons"
2001,January,Industry,2000.04,"1,000 Tons"
2001,February,Industry,2178.08,"1,000 Tons"
2001,March,Industry,2417.24,"1,000 Tons"
2001,April,Industry,2406.07,"1,000 Tons"
2001,May,Industry,2678.29,"1,000 Tons"
2001,June,Industry,2090.03,"1,000 Tons"
2001,July,Industry,2878.13,"1,000 Tons"
2001,August,Industry,2932.04,"1,000 Tons"
2001,September,Industry,2968.43,"1,000 Tons"
2001,October,Industry,2377.62,"1,000 Tons"
2001,November,Industry,2649.06,"1,000 Tons"
2001,December,Industry,2808.78,"1,000 Tons"
2001,January,Other,1159.4,"1,000 Tons"
2001,February,Other,1082.75,"1,000 Tons"
2001,March,Other,1178.43,"1,000 Tons"
2001,April,Other,1164.26,"1,000 Tons"
2001,May,Other,1173.53,"1,000 Tons"
2001,June,Other,1146.99,"1,000 Tons"
2001,July,Other,1156.69,"1,000 Tons"
2001,August,Other,1163.29,"1,000 Tons"
2001,September,Other,1092.89,"1,000 Tons"
2001,October,Other,1128.55,"1,000 Tons"
2001,November,Other,1147.54,"1,000 Tons"
2001,December,Other,1251.36,"1,000 Tons"
2002,January,Power Generation,4947.21,"1,000 Tons"
2002,February,Power Generation,4803.36,"1,000 Tons"
2002,March,Power Generation,5655.97,"1,000 Tons"
2002,April,Power Generation,5442.08,"1,000 Tons"
2002,May,Power Generation,5578.25,"1,000 Tons"
2002,June,Power Generation,5558.69,"1,000 Tons"
2002,July,Power Generation,5732.23,"1,000 Tons"
2002,August,Power Generation,5720.83,"1,000 Tons"
2002,September,Power Generation,5482.71,"1,000 Tons"
2002,October,Power Generation,5598.72,"1,000 Tons"
2002,November,Power Generation,5351.85,"1,000 Tons"
2002,December,Power Generation,5396.77,"1,000 Tons"
2002,January,Transport,4138.32,"1,000 Tons"
2002,February,Transport,3792.71,"1,000 Tons"
2002,March,Transport,4260.88,"1,000 Tons"
2002,April,Transport,4126.62,"1,000 Tons"
2002,May,Transport,4190.97,"1,000 Tons"
2002,June,Transport,4012.17,"1,000 Tons"
2002,July,Transport,4141.63,"1,000 Tons"
2002,August,Transport,4194.44,"1,000 Tons"
2002,September,Transport,3771.98,"1,000 Tons"
2002,October,Transport,3980.19,"1,000 Tons"
2002,November,Transport,4182.76,"1,000 Tons"
2002,December,Transport,4466.62,"1,000 Tons"
2002,January,Industry,3444,"1,000 Tons"
2002,February,Industry,2616.64,"1,000 Tons"
2002,March,Industry,2827.1,"1,000 Tons"
2002,April,Industry,2825.75,"1,000 Tons"
2002,May,Industry,3143.75,"1,000 Tons"
2002,June,Industry,3068.92,"1,000 Tons"
2002,July,Industry,2946.12,"1,000 Tons"
2002,August,Industry,2992.44,"1,000 Tons"
2002,September,Industry,2881.79,"1,000 Tons"
2002,October,Industry,2749.88,"1,000 Tons"
2002,November,Industry,2291.58,"1,000 Tons"
2002,December,Industry,2619.03,"1,000 Tons"
2002,January,Other,1241.81,"1,000 Tons"
2002,February,Other,1127.69,"1,000 Tons"
2002,March,Other,1255.12,"1,000 Tons"
2002,April,Other,1201.41,"1,000 Tons"
2002,May,Other,1245.31,"1,000 Tons"
2002,June,Other,1184.51,"1,000 Tons"
2002,July,Other,1250.66,"1,000 Tons"
2002,August,Other,1270.96,"1,000 Tons"
2002,September,Other,1141.65,"1,000 Tons"
2002,October,Other,1199.47,"1,000 Tons"
2002,November,Other,1216.89,"1,000 Tons"
2002,December,Other,1287.63,"1,000 Tons"
2003,January,Power Generation,5336.54,"1,000 Tons"
2003,February,Power Generation,5189.37,"1,000 Tons"
2003,March,Power Generation,5840.21,"1,000 Tons"
2003,April,Power Generation,5762.26,"1,000 Tons"
2003,May,Power Generation,5900.38,"1,000 Tons"
2003,June,Power Generation,5776.02,"1,000 Tons"
2003,July,Power Generation,5888.22,"1,000 Tons"
2003,August,Power Generation,5794.93,"1,000 Tons"
2003,September,Power Generation,5665.3,"1,000 Tons"
2003,October,Power Generation,5793.92,"1,000 Tons"
2003,November,Power Generation,5593.75,"1,000 Tons"
2003,December,Power Generation,5354.07,"1,000 Tons"
2003,January,Transport,4526.36,"1,000 Tons"
2003,February,Transport,4022.48,"1,000 Tons"
2003,March,Transport,4543.81,"1,000 Tons"
2003,April,Transport,4381.91,"1,000 Tons"
2003,May,Transport,4508.05,"1,000 Tons"
2003,June,Transport,4353.79,"1,000 Tons"
2003,July,Transport,4388.32,"1,000 Tons"
2003,August,Transport,4306.05,"1,000 Tons"
2003,September,Transport,4188.51,"1,000 Tons"
2003,October,Transport,4317.38,"1,000 Tons"
2003,November,Transport,4557.29,"1,000 Tons"
2003,December,Transport,4936.37,"1,000 Tons"
2003,January,Industry,3620.6,"1,000 Tons"
2003,February,Industry,2838.14,"1,000 Tons"
2003,March,Industry,3174.98,"1,000 Tons"
2003,April,Industry,2669.13,"1,000 Tons"
2003,May,Industry,2882.89,"1,000 Tons"
2003,June,Industry,2747.17,"1,000 Tons"
2003,July,Industry,2421.85,"1,000 Tons"
2003,August,Industry,2742.19,"1,000 Tons"
2003,September,Industry,3310.28,"1,000 Tons"
2003,October,Industry,3170.31,"1,000 Tons"
2003,November,Industry,2982.78,"1,000 Tons"
2003,December,Industry,2967.78,"1,000 Tons"
2003,January,Other,1338.33,"1,000 Tons"
2003,February,Other,1172.44,"1,000 Tons"
2003,March,Other,1322.21,"1,000 Tons"
2003,April,Other,1261.2,"1,000 Tons"
2003,May,Other,1316.34,"1,000 Tons"
2003,June,Other,1274.59,"1,000 Tons"
2003,July,Other,1294.58,"1,000 Tons"
2003,August,Other,1299.26,"1,000 Tons"
2003,September,Other,1256.46,"1,000 Tons"
2003,October,Other,1286.97,"1,000 Tons"
2003,November,Other,1322.49,"1,000 Tons"
2003,December,Other,1455.53,"1,000 Tons"
2004,January,Power Generation,5624.61,"1,000 Tons"
2004,February,Power Generation,5466.89,"1,000 Tons"
2004,March,Power Generation,6366.36,"1,000 Tons"
2004,April,Power Generation,6021.15,"1,000 Tons"
2004,May,Power Generation,6527.33,"1,000 Tons"
2004,June,Power Generation,6364.05,"1,000 Tons"
2004,July,Power Generation,6379.57,"1,000 Tons"
2004,August,Power Generation,6323.02,"1,000 Tons"
2004,September,Power Generation,6406.92,"1,000 Tons"
2004,October,Power Generation,6466.06,"1,000 Tons"
2004,November,Power Generation,6165.82,"1,000 Tons"
2004,December,Power Generation,6007.66,"1,000 Tons"
2004,January,Transport,4657.43,"1,000 Tons"
2004,February,Transport,4567.4,"1,000 Tons"
2004,March,Transport,4913.93,"1,000 Tons"
2004,April,Transport,4698.09,"1,000 Tons"
2004,May,Transport,4825.87,"1,000 Tons"
2004,June,Transport,4490.48,"1,000 Tons"
2004,July,Transport,4623.84,"1,000 Tons"
2004,August,Transport,4563.79,"1,000 Tons"
2004,September,Transport,4465.41,"1,000 Tons"
2004,October,Transport,4818.83,"1,000 Tons"
2004,November,Transport,4855.44,"1,000 Tons"
2004,December,Transport,5083.91,"1,000 Tons"
2004,January,Industry,3172.54,"1,000 Tons"
2004,February,Industry,3208.85,"1,000 Tons"
2004,March,Industry,3746.14,"1,000 Tons"
2004,April,Industry,3391.37,"1,000 Tons"
2004,May,Industry,3632.77,"1,000 Tons"
2004,June,Industry,3485.14,"1,000 Tons"
2004,July,Industry,3351.53,"1,000 Tons"
2004,August,Industry,3330.86,"1,000 Tons"
2004,September,Industry,3246.43,"1,000 Tons"
2004,October,Industry,3234,"1,000 Tons"
2004,November,Industry,3331.65,"1,000 Tons"
2004,December,Industry,3226.1,"1,000 Tons"
2004,January,Other,1344.6,"1,000 Tons"
2004,February,Other,1317.27,"1,000 Tons"
2004,March,Other,1400.52,"1,000 Tons"
2004,April,Other,1301.49,"1,000 Tons"
2004,May,Other,1358.29,"1,000 Tons"
2004,June,Other,1292.71,"1,000 Tons"
2004,July,Other,1327.28,"1,000 Tons"
2004,August,Other,1347.7,"1,000 Tons"
2004,September,Other,1327.29,"1,000 Tons"
2004,October,Other,1420.21,"1,000 Tons"
2004,November,Other,1433.02,"1,000 Tons"
2004,December,Other,1506.62,"1,000 Tons"
2005,January,Power Generation,6063.53,"1,000 Tons"
2005,February,Power Generation,5761.77,"1,000 Tons"
2005,March,Power Generation,6683.99,"1,000 Tons"
2005,April,Power Generation,6269.28,"1,000 Tons"
2005,May,Power Generation,6859,"1,000 Tons"
2005,June,Power Generation,6611.85,"1,000 Tons"
2005,July,Power Generation,6699.88,"1,000 Tons"
2005,August,Power Generation,6623.52,"1,000 Tons"
2005,September,Power Generation,6395.12,"1,000 Tons"
2005,October,Power Generation,6515.15,"1,000 Tons"
2005,November,Power Generation,6358.65,"1,000 Tons"
2005,December,Power Generation,6073.72,"1,000 Tons"
2005,January,Transport,5015.14,"1,000 Tons"
2005,February,Transport,4967.52,"1,000 Tons"
2005,March,Transport,5218.39,"1,000 Tons"
2005,April,Transport,4980.34,"1,000 Tons"
2005,May,Transport,5208.37,"1,000 Tons"
2005,June,Transport,5019.9,"1,000 Tons"
2005,July,Transport,4399.5,"1,000 Tons"
2005,August,Transport,4710.1,"1,000 Tons"
2005,September,Transport,4295.85,"1,000 Tons"
2005,October,Transport,4345.51,"1,000 Tons"
2005,November,Transport,4510.27,"1,000 Tons"
2005,December,Transport,4877.82,"1,000 Tons"
2005,January,Industry,3557.1,"1,000 Tons"
2005,February,Industry,3397.77,"1,000 Tons"
2005,March,Industry,4033.92,"1,000 Tons"
2005,April,Industry,3659.73,"1,000 Tons"
2005,May,Industry,3841.39,"1,000 Tons"
2005,June,Industry,3546.65,"1,000 Tons"
2005,July,Industry,3543.03,"1,000 Tons"
2005,August,Industry,3364.76,"1,000 Tons"
2005,September,Industry,3545,"1,000 Tons"
2005,October,Industry,3478.68,"1,000 Tons"
2005,November,Industry,3276.42,"1,000 Tons"
2005,December,Industry,3384.38,"1,000 Tons"
2005,January,Other,1341.27,"1,000 Tons"
2005,February,Other,1289.23,"1,000 Tons"
2005,March,Other,1405.57,"1,000 Tons"
2005,April,Other,1309.89,"1,000 Tons"
2005,May,Other,1378.4,"1,000 Tons"
2005,June,Other,1335.35,"1,000 Tons"
2005,July,Other,1217.43,"1,000 Tons"
2005,August,Other,1291.77,"1,000 Tons"
2005,September,Other,1169.44,"1,000 Tons"
2005,October,Other,1192.8,"1,000 Tons"
2005,November,Other,1219.43,"1,000 Tons"
2005,December,Other,1331.29,"1,000 Tons"
2006,January,Power Generation,6164.12,"1,000 Tons"
2006,February,Power Generation,5859.35,"1,000 Tons"
2006,March,Power Generation,6842.23,"1,000 Tons"
2006,April,Power Generation,6268.43,"1,000 Tons"
2006,May,Power Generation,7153.4,"1,000 Tons"
2006,June,Power Generation,6881.43,"1,000 Tons"
2006,July,Power Generation,7032.52,"1,000 Tons"
2006,August,Power Generation,7207.54,"1,000 Tons"
2006,September,Power Generation,6976.83,"1,000 Tons"
2006,October,Power Generation,7084.09,"1,000 Tons"
2006,November,Power Generation,7037.58,"1,000 Tons"
2006,December,Power Generation,6549.42,"1,000 Tons"
2006,January,Transport,4730.15,"1,000 Tons"
2006,February,Transport,4423.59,"1,000 Tons"
2006,March,Transport,5017.38,"1,000 Tons"
2006,April,Transport,4628.23,"1,000 Tons"
2006,May,Transport,4769.12,"1,000 Tons"
2006,June,Transport,4427.82,"1,000 Tons"
2006,July,Transport,4391.1,"1,000 Tons"
2006,August,Transport,4396.48,"1,000 Tons"
2006,September,Transport,4242.64,"1,000 Tons"
2006,October,Transport,4421.86,"1,000 Tons"
2006,November,Transport,4631.78,"1,000 Tons"
2006,December,Transport,4780.43,"1,000 Tons"
2006,January,Industry,3402.31,"1,000 Tons"
2006,February,Industry,3657.41,"1,000 Tons"
2006,March,Industry,3896.26,"1,000 Tons"
2006,April,Industry,3233.81,"1,000 Tons"
2006,May,Industry,3377.66,"1,000 Tons"
2006,June,Industry,3493.75,"1,000 Tons"
2006,July,Industry,3362.32,"1,000 Tons"
2006,August,Industry,3302.89,"1,000 Tons"
2006,September,Industry,3187.67,"1,000 Tons"
2006,October,Industry,3225.75,"1,000 Tons"
2006,November,Industry,3162.33,"1,000 Tons"
2006,December,Industry,3785.61,"1,000 Tons"
2006,January,Other,1382.67,"1,000 Tons"
2006,February,Other,1302.31,"1,000 Tons"
2006,March,Other,1455.66,"1,000 Tons"
2006,April,Other,1333.99,"1,000 Tons"
2006,May,Other,1408.06,"1,000 Tons"
2006,June,Other,1315.31,"1,000 Tons"
2006,July,Other,1314.78,"1,000 Tons"
2006,August,Other,1338.66,"1,000 Tons"
2006,September,Other,1272.68,"1,000 Tons"
2006,October,Other,1313.99,"1,000 Tons"
2006,November,Other,1367.29,"1,000 Tons"
2006,December,Other,1423.3,"1,000 Tons"
2007,January,Power Generation,6655.19,"1,000 Tons"
2007,February,Power Generation,6291.5,"1,000 Tons"
2007,March,Power Generation,7327.79,"1,000 Tons"
2007,April,Power Generation,6600.08,"1,000 Tons"
2007,May,Power Generation,7310.43,"1,000 Tons"
2007,June,Power Generation,7429.26,"1,000 Tons"
2007,July,Power Generation,7394.09,"1,000 Tons"
2007,August,Power Generation,7230.4,"1,000 Tons"
2007,September,Power Generation,7237.71,"1,000 Tons"
2007,October,Power Generation,7242.67,"1,000 Tons"
2007,November,Power Generation,6691.88,"1,000 Tons"
2007,December,Power Generation,6482.14,"1,000 Tons"
2007,January,Transport,4784.33,"1,000 Tons"
2007,February,Transport,4400.89,"1,000 Tons"
2007,March,Transport,4986.8,"1,000 Tons"
2007,April,Transport,4637.26,"1,000 Tons"
2007,May,Transport,4614.8,"1,000 Tons"
2007,June,Transport,4675.38,"1,000 Tons"
2007,July,Transport,4520.45,"1,000 Tons"
2007,August,Transport,4694.42,"1,000 Tons"
2007,September,Transport,4369.74,"1,000 Tons"
2007,October,Transport,4559.21,"1,000 Tons"
2007,November,Transport,4557.14,"1,000 Tons"
2007,December,Transport,4774.34,"1,000 Tons"
2007,January,Industry,3942.8,"1,000 Tons"
2007,February,Industry,3528.44,"1,000 Tons"
2007,March,Industry,3823.64,"1,000 Tons"
2007,April,Industry,4105.19,"1,000 Tons"
2007,May,Industry,3275.95,"1,000 Tons"
2007,June,Industry,3163.09,"1,000 Tons"
2007,July,Industry,3526.46,"1,000 Tons"
2007,August,Industry,4246.6,"1,000 Tons"
2007,September,Industry,3253.82,"1,000 Tons"
2007,October,Industry,3753.92,"1,000 Tons"
2007,November,Industry,3620.97,"1,000 Tons"
2007,December,Industry,3940.2,"1,000 Tons"
2007,January,Other,1466.3,"1,000 Tons"
2007,February,Other,1341.62,"1,000 Tons"
2007,March,Other,1502.1,"1,000 Tons"
2007,April,Other,1385.21,"1,000 Tons"
2007,May,Other,1406.7,"1,000 Tons"
2007,June,Other,1408.2,"1,000 Tons"
2007,July,Other,1380.38,"1,000 Tons"
2007,August,Other,1448.5,"1,000 Tons"
2007,September,Other,1343.73,"1,000 Tons"
2007,October,Other,1414.29,"1,000 Tons"
2007,November,Other,1446.01,"1,000 Tons"
2007,December,Other,1476.13,"1,000 Tons"
2008,January,Power Generation,6956.41,"1,000 Tons"
2008,February,Power Generation,6674.09,"1,000 Tons"
2008,March,Power Generation,7346.22,"1,000 Tons"
2008,April,Power Generation,7100.2,"1,000 Tons"
2008,May,Power Generation,7619.23,"1,000 Tons"
2008,June,Power Generation,7186.37,"1,000 Tons"
2008,July,Power Generation,7289.74,"1,000 Tons"
2008,August,Power Generation,7388.58,"1,000 Tons"
2008,September,Power Generation,7182.12,"1,000 Tons"
2008,October,Power Generation,7404.63,"1,000 Tons"
2008,November,Power Generation,6488,"1,000 Tons"
2008,December,Power Generation,5898.58,"1,000 Tons"
2008,January,Transport,4736.63,"1,000 Tons"
2008,February,Transport,4416.44,"1,000 Tons"
2008,March,Transport,4809.26,"1,000 Tons"
2008,April,Transport,4630.69,"1,000 Tons"
2008,May,Transport,4491.2,"1,000 Tons"
2008,June,Transport,4074.46,"1,000 Tons"
2008,July,Transport,3890.7,"1,000 Tons"
2008,August,Transport,4105.55,"1,000 Tons"
2008,September,Transport,3976.24,"1,000 Tons"
2008,October,Transport,4309.1,"1,000 Tons"
2008,November,Transport,4268.49,"1,000 Tons"
2008,December,Transport,4842.15,"1,000 Tons"
2008,January,Industry,4139.36,"1,000 Tons"
2008,February,Industry,3976.29,"1,000 Tons"
2008,March,Industry,4202.1,"1,000 Tons"
2008,April,Industry,4293.65,"1,000 Tons"
2008,May,Industry,4193.47,"1,000 Tons"
2008,June,Industry,4197.81,"1,000 Tons"
2008,July,Industry,4292.69,"1,000 Tons"
2008,August,Industry,4120.31,"1,000 Tons"
2008,September,Industry,4081.22,"1,000 Tons"
2008,October,Industry,4071.45,"1,000 Tons"
2008,November,Industry,3685.21,"1,000 Tons"
2008,December,Industry,3577.47,"1,000 Tons"
2008,January,Other,1552.16,"1,000 Tons"
2008,February,Other,1436.14,"1,000 Tons"
2008,March,Other,1572.26,"1,000 Tons"
2008,April,Other,1509.31,"1,000 Tons"
2008,May,Other,1503.3,"1,000 Tons"
2008,June,Other,1371.77,"1,000 Tons"
2008,July,Other,1351.28,"1,000 Tons"
2008,August,Other,1390.78,"1,000 Tons"
2008,September,Other,1348.69,"1,000 Tons"
2008,October,Other,1434.75,"1,000 Tons"
2008,November,Other,1409.62,"1,000 Tons"
2008,December,Other,1562.63,"1,000 Tons"
2009,January,Power Generation,6155.03,"1,000 Tons"
2009,February,Power Generation,6117.49,"1,000 Tons"
2009,March,Power Generation,7140.21,"1,000 Tons"
2009,April,Power Generation,6891.11,"1,000 Tons"
2009,May,Power Generation,7281.17,"1,000 Tons"
2009,June,Power Generation,7338.1,"1,000 Tons"
2009,July,Power Generation,7320.59,"1,000 Tons"
2009,August,Power Generation,7181.17,"1,000 Tons"
2009,September,Power Generation,7161.68,"1,000 Tons"
2009,October,Power Generation,7129.31,"1,000 Tons"
2009,November,Power Generation,6739.64,"1,000 Tons"
2009,December,Power Generation,6607.98,"1,000 Tons"
2009,January,Transport,5059.51,"1,000 Tons"
2009,February,Transport,4332.52,"1,000 Tons"
2009,March,Transport,4927.88,"1,000 Tons"
2009,April,Transport,4742.56,"1,000 Tons"
2009,May,Transport,4951.08,"1,000 Tons"
2009,June,Transport,4490.08,"1,000 Tons"
2009,July,Transport,4602.74,"1,000 Tons"
2009,August,Transport,4552.34,"1,000 Tons"
2009,September,Transport,4390.06,"1,000 Tons"
2009,October,Transport,4617.51,"1,000 Tons"
2009,November,Transport,4555.03,"1,000 Tons"
2009,December,Transport,5176.47,"1,000 Tons"
2009,January,Industry,3725.66,"1,000 Tons"
2009,February,Industry,3644.74,"1,000 Tons"
2009,March,Industry,3906.99,"1,000 Tons"
2009,April,Industry,4369.43,"1,000 Tons"
2009,May,Industry,4333.87,"1,000 Tons"
2009,June,Industry,4583.82,"1,000 Tons"
2009,July,Industry,4378.35,"1,000 Tons"
2009,August,Industry,4302.6,"1,000 Tons"
2009,September,Industry,4405.11,"1,000 Tons"
2009,October,Industry,4149.08,"1,000 Tons"
2009,November,Industry,4373.52,"1,000 Tons"
2009,December,Industry,4723.84,"1,000 Tons"
2009,January,Other,1597.89,"1,000 Tons"
2009,February,Other,1365.82,"1,000 Tons"
2009,March,Other,1526.21,"1,000 Tons"
2009,April,Other,1476,"1,000 Tons"
2009,May,Other,1540.76,"1,000 Tons"
2009,June,Other,1429.82,"1,000 Tons"
2009,July,Other,1469.74,"1,000 Tons"
2009,August,Other,1461.34,"1,000 Tons"
2009,September,Other,1424.42,"1,000 Tons"
2009,October,Other,1493.75,"1,000 Tons"
2009,November,Other,1470.93,"1,000 Tons"
2009,December,Other,1655.51,"1,000 Tons"
2010,January,Power Generation,7276.96,"1,000 Tons"
2010,February,Power Generation,6981.02,"1,000 Tons"
2010,March,Power Generation,7889.58,"1,000 Tons"
2010,April,Power Generation,7716.99,"1,000 Tons"
2010,May,Power Generation,8208.05,"1,000 Tons"
2010,June,Power Generation,7801.88,"1,000 Tons"
2010,July,Power Generation,7561.79,"1,000 Tons"
2010,August,Power Generation,7722.93,"1,000 Tons"
2010,September,Power Generation,7417.8,"1,000 Tons"
2010,October,Power Generation,7797.84,"1,000 Tons"
2010,November,Power Generation,7360.37,"1,000 Tons"
2010,December,Power Generation,7148.23,"1,000 Tons"
2010,January,Transport,4777.08,"1,000 Tons"
2010,February,Transport,4699.41,"1,000 Tons"
2010,March,Transport,5092.18,"1,000 Tons"
2010,April,Transport,4733.19,"1,000 Tons"
2010,May,Transport,4815.08,"1,000 Tons"
2010,June,Transport,4716.04,"1,000 Tons"
2010,July,Transport,4780.91,"1,000 Tons"
2010,August,Transport,4601.89,"1,000 Tons"
2010,September,Transport,4527.37,"1,000 Tons"
2010,October,Transport,4621.92,"1,000 Tons"
2010,November,Transport,4933.55,"1,000 Tons"
2010,December,Transport,5183.12,"1,000 Tons"
2010,January,Industry,3945.21,"1,000 Tons"
2010,February,Industry,3861.29,"1,000 Tons"
2010,March,Industry,4789.98,"1,000 Tons"
2010,April,Industry,4514.97,"1,000 Tons"
2010,May,Industry,4589.77,"1,000 Tons"
2010,June,Industry,4667.61,"1,000 Tons"
2010,July,Industry,4667.55,"1,000 Tons"
2010,August,Industry,4469.34,"1,000 Tons"
2010,September,Industry,4578.98,"1,000 Tons"
2010,October,Industry,4349.33,"1,000 Tons"
2010,November,Industry,4671.41,"1,000 Tons"
2010,December,Industry,4376.8,"1,000 Tons"
2010,January,Other,1567.14,"1,000 Tons"
2010,February,Other,1518.38,"1,000 Tons"
2010,March,Other,1658.46,"1,000 Tons"
2010,April,Other,1535.41,"1,000 Tons"
2010,May,Other,1569.8,"1,000 Tons"
2010,June,Other,1532.96,"1,000 Tons"
2010,July,Other,1573.43,"1,000 Tons"
2010,August,Other,1518.03,"1,000 Tons"
2010,September,Other,1485.17,"1,000 Tons"
2010,October,Other,1519.26,"1,000 Tons"
2010,November,Other,1608.96,"1,000 Tons"
2010,December,Other,1692.02,"1,000 Tons"
2011,January,Power Generation,7223.83,"1,000 Tons"
2011,February,Power Generation,6814.48,"1,000 Tons"
2011,March,Power Generation,7692.95,"1,000 Tons"
2011,April,Power Generation,7235.95,"1,000 Tons"
2011,May,Power Generation,7950.92,"1,000 Tons"
2011,June,Power Generation,7576.52,"1,000 Tons"
2011,July,Power Generation,7714.04,"1,000 Tons"
2011,August,Power Generation,7628.5,"1,000 Tons"
2011,September,Power Generation,7175.65,"1,000 Tons"
2011,October,Power Generation,6991.09,"1,000 Tons"
2011,November,Power Generation,6588.92,"1,000 Tons"
2011,December,Power Generation,6381.43,"1,000 Tons"
2011,January,Transport,4995.48,"1,000 Tons"
2011,February,Transport,4668.03,"1,000 Tons"
2011,March,Transport,5211.71,"1,000 Tons"
2011,April,Transport,5037.16,"1,000 Tons"
2011,May,Transport,5148.91,"1,000 Tons"
2011,June,Transport,5011.45,"1,000 Tons"
2011,July,Transport,4822.08,"1,000 Tons"
2011,August,Transport,4904.48,"1,000 Tons"
2011,September,Transport,4753,"1,000 Tons"
2011,October,Transport,4645.82,"1,000 Tons"
2011,November,Transport,4665.24,"1,000 Tons"
2011,December,Transport,5408.09,"1,000 Tons"
2011,January,Industry,4693.42,"1,000 Tons"
2011,February,Industry,4634.85,"1,000 Tons"
2011,March,Industry,5178.04,"1,000 Tons"
2011,April,Industry,4871.39,"1,000 Tons"
2011,May,Industry,4966.21,"1,000 Tons"
2011,June,Industry,5071.86,"1,000 Tons"
2011,July,Industry,5007.72,"1,000 Tons"
2011,August,Industry,5275.01,"1,000 Tons"
2011,September,Industry,5124.23,"1,000 Tons"
2011,October,Industry,4796.85,"1,000 Tons"
2011,November,Industry,4182.26,"1,000 Tons"
2011,December,Industry,4549.29,"1,000 Tons"
2011,January,Other,1654.3,"1,000 Tons"
2011,February,Other,1521.51,"1,000 Tons"
2011,March,Other,1719.41,"1,000 Tons"
2011,April,Other,1667.04,"1,000 Tons"
2011,May,Other,1695.39,"1,000 Tons"
2011,June,Other,1647.1,"1,000 Tons"
2011,July,Other,1626.11,"1,000 Tons"
2011,August,Other,1671.46,"1,000 Tons"
2011,September,Other,1620.52,"1,000 Tons"
2011,October,Other,1608.42,"1,000 Tons"
2011,November,Other,1605.59,"1,000 Tons"
2011,December,Other,1845.22,"1,000 Tons"
2012,January,Power Generation,7245.04,"1,000 Tons"
2012,February,Power Generation,7008.17,"1,000 Tons"
2012,March,Power Generation,8048.1,"1,000 Tons"
2012,April,Power Generation,7772.64,"1,000 Tons"
2012,May,Power Generation,8282.38,"1,000 Tons"
2012,June,Power Generation,7987.48,"1,000 Tons"
2012,July,Power Generation,7958.58,"1,000 Tons"
2012,August,Power Generation,7996.62,"1,000 Tons"
2012,September,Power Generation,7948.12,"1,000 Tons"
2012,October,Power Generation,8427.62,"1,000 Tons"
2012,November,Power Generation,8230.04,"1,000 Tons"
2012,December,Power Generation,8055.62,"1,000 Tons"
2012,January,Transport,5219,"1,000 Tons"
2012,February,Transport,5151.18,"1,000 Tons"
2012,March,Transport,5517.33,"1,000 Tons"
2012,April,Transport,5170.81,"1,000 Tons"
2012,May,Transport,5430.07,"1,000 Tons"
2012,June,Transport,5208.36,"1,000 Tons"
2012,July,Transport,5122.11,"1,000 Tons"
2012,August,Transport,5164.38,"1,000 Tons"
2012,September,Transport,4879.02,"1,000 Tons"
2012,October,Transport,5206.17,"1,000 Tons"
2012,November,Transport,5396.17,"1,000 Tons"
2012,December,Transport,5650.78,"1,000 Tons"
2012,January,Industry,4638.48,"1,000 Tons"
2012,February,Industry,4637.6,"1,000 Tons"
2012,March,Industry,4876.81,"1,000 Tons"
2012,April,Industry,4991.82,"1,000 Tons"
2012,May,Industry,5385.81,"1,000 Tons"
2012,June,Industry,4984.7,"1,000 Tons"
2012,July,Industry,5489.32,"1,000 Tons"
2012,August,Industry,5385.93,"1,000 Tons"
2012,September,Industry,5165.23,"1,000 Tons"
2012,October,Industry,5467.08,"1,000 Tons"
2012,November,Industry,5336.34,"1,000 Tons"
2012,December,Industry,5220.9,"1,000 Tons"
2012,January,Other,1731.03,"1,000 Tons"
2012,February,Other,1694.32,"1,000 Tons"
2012,March,Other,1850.38,"1,000 Tons"
2012,April,Other,1764.79,"1,000 Tons"
2012,May,Other,1850.69,"1,000 Tons"
2012,June,Other,1767.62,"1,000 Tons"
2012,July,Other,1759.61,"1,000 Tons"
2012,August,Other,1792.49,"1,000 Tons"
2012,September,Other,1694.19,"1,000 Tons"
2012,October,Other,1800.52,"1,000 Tons"
2012,November,Other,1820.76,"1,000 Tons"
2012,December,Other,1908.83,"1,000 Tons"
2013,January,Power Generation,8021.04,"1,000 Tons"
2013,February,Power Generation,7576.89,"1,000 Tons"
2013,March,Power Generation,8777.54,"1,000 Tons"
2013,April,Power Generation,8106.97,"1,000 Tons"
2013,May,Power Generation,8845.01,"1,000 Tons"
2013,June,Power Generation,7964.67,"1,000 Tons"
2013,July,Power Generation,8204.08,"1,000 Tons"
2013,August,Power Generation,8161.09,"1,000 Tons"
2013,September,Power Generation,7846.02,"1,000 Tons"
2013,October,Power Generation,7728.97,"1,000 Tons"
2013,November,Power Generation,7834.92,"1,000 Tons"
2013,December,Power Generation,7287.88,"1,000 Tons"
2013,January,Transport,5582.52,"1,000 Tons"
2013,February,Transport,5124.26,"1,000 Tons"
2013,March,Transport,5769.38,"1,000 Tons"
2013,April,Transport,5408.52,"1,000 Tons"
2013,May,Transport,5757.69,"1,000 Tons"
2013,June,Transport,5240.84,"1,000 Tons"
2013,July,Transport,5345.75,"1,000 Tons"
2013,August,Transport,5242.08,"1,000 Tons"
2013,September,Transport,4872.95,"1,000 Tons"
2013,October,Transport,5225.97,"1,000 Tons"
2013,November,Transport,5367.77,"1,000 Tons"
2013,December,Transport,5568.93,"1,000 Tons"
2013,January,Industry,4627.05,"1,000 Tons"
2013,February,Industry,4493.11,"1,000 Tons"
2013,March,Industry,4947.28,"1,000 Tons"
2013,April,Industry,5032.71,"1,000 Tons"
2013,May,Industry,5201.08,"1,000 Tons"
2013,June,Industry,5155.11,"1,000 Tons"
2013,July,Industry,5487.37,"1,000 Tons"
2013,August,Industry,5397.18,"1,000 Tons"
2013,September,Industry,5204.96,"1,000 Tons"
2013,October,Industry,5468.89,"1,000 Tons"
2013,November,Industry,5279.22,"1,000 Tons"
2013,December,Industry,5398.6,"1,000 Tons"
2013,January,Other,1860.21,"1,000 Tons"
2013,February,Other,1611.39,"1,000 Tons"
2013,March,Other,1732.32,"1,000 Tons"
2013,April,Other,1633.76,"1,000 Tons"
2013,May,Other,1729.78,"1,000 Tons"
2013,June,Other,1569.45,"1,000 Tons"
2013,July,Other,1625.82,"1,000 Tons"
2013,August,Other,1612.52,"1,000 Tons"
2013,September,Other,1493.33,"1,000 Tons"
2013,October,Other,1601.3,"1,000 Tons"
2013,November,Other,1630.64,"1,000 Tons"
2013,December,Other,1705.01,"1,000 Tons"
2014,January,Power Generation,7427.34,"1,000 Tons"
2014,February,Power Generation,7256.15,"1,000 Tons"
2014,March,Power Generation,8669.83,"1,000 Tons"
2014,April,Power Generation,8375.25,"1,000 Tons"
2014,May,Power Generation,9168.18,"1,000 Tons"
2014,June,Power Generation,8609.25,"1,000 Tons"
2014,July,Power Generation,8540.68,"1,000 Tons"
2014,August,Power Generation,8311.25,"1,000 Tons"
2014,September,Power Generation,8125.34,"1,000 Tons"
2014,October,Power Generation,8313.79,"1,000 Tons"
2014,November,Power Generation,8262.08,"1,000 Tons"
2014,December,Power Generation,7994.62,"1,000 Tons"
2014,January,Transport,5544.03,"1,000 Tons"
2014,February,Transport,5154.2,"1,000 Tons"
2014,March,Transport,5706.92,"1,000 Tons"
2014,April,Transport,5490.26,"1,000 Tons"
2014,May,Transport,5724.77,"1,000 Tons"
2014,June,Transport,5250.2,"1,000 Tons"
2014,July,Transport,5381.21,"1,000 Tons"
2014,August,Transport,5305.67,"1,000 Tons"
2014,September,Transport,5153.58,"1,000 Tons"
2014,October,Transport,5321.71,"1,000 Tons"
2014,November,Transport,5374.98,"1,000 Tons"
2014,December,Transport,5892.76,"1,000 Tons"
2014,January,Industry,5105.53,"1,000 Tons"
2014,February,Industry,4994.36,"1,000 Tons"
2014,March,Industry,5149.61,"1,000 Tons"
2014,April,Industry,5487.53,"1,000 Tons"
2014,May,Industry,5920.38,"1,000 Tons"
2014,June,Industry,5503.98,"1,000 Tons"
2014,July,Industry,5835.26,"1,000 Tons"
2014,August,Industry,5625.33,"1,000 Tons"
2014,September,Industry,5935.83,"1,000 Tons"
2014,October,Industry,6018.79,"1,000 Tons"
2014,November,Industry,5482.01,"1,000 Tons"
2014,December,Industry,5879.98,"1,000 Tons"
2014,January,Other,1734.13,"1,000 Tons"
2014,February,Other,1569.24,"1,000 Tons"
2014,March,Other,1687.06,"1,000 Tons"
2014,April,Other,1606.73,"1,000 Tons"
2014,May,Other,1670.49,"1,000 Tons"
2014,June,Other,1516.51,"1,000 Tons"
2014,July,Other,1558.85,"1,000 Tons"
2014,August,Other,1532.87,"1,000 Tons"
2014,September,Other,1501.09,"1,000 Tons"
2014,October,Other,1553.07,"1,000 Tons"
2014,November,Other,1558.3,"1,000 Tons"
2014,December,Other,1705.75,"1,000 Tons"
2015,January,Power Generation,7677.47,"1,000 Tons"
2015,February,Power Generation,7389.32,"1,000 Tons"
2015,March,Power Generation,8482.43,"1,000 Tons"
2015,April,Power Generation,7908.61,"1,000 Tons"
2015,May,Power Generation,8594.89,"1,000 Tons"
2015,June,Power Generation,8507.48,"1,000 Tons"
2015,July,Power Generation,8722.39,"1,000 Tons"
2015,August,Power Generation,8201.67,"1,000 Tons"
2015,September,Power Generation,8158.89,"1,000 Tons"
2015,October,Power Generation,8259.26,"1,000 Tons"
2015,November,Power Generation,8039.15,"1,000 Tons"
2015,December,Power Generation,7968.47,"1,000 Tons"
2015,January,Transport,5790.73,"1,000 Tons"
2015,February,Transport,5451.47,"1,000 Tons"
2015,March,Transport,5974.84,"1,000 Tons"
2015,April,Transport,5771.54,"1,000 Tons"
2015,May,Transport,5957.1,"1,000 Tons"
2015,June,Transport,5649.48,"1,000 Tons"
2015,July,Transport,5768.82,"1,000 Tons"
2015,August,Transport,5682.22,"1,000 Tons"
2015,September,Transport,5371.96,"1,000 Tons"
2015,October,Transport,5645.34,"1,000 Tons"
2015,November,Transport,5766.87,"1,000 Tons"
2015,December,Transport,6293.68,"1,000 Tons"
2015,January,Industry,5815,"1,000 Tons"
2015,February,Industry,5771.83,"1,000 Tons"
2015,March,Industry,6148.97,"1,000 Tons"
2015,April,Industry,5849,"1,000 Tons"
2015,May,Industry,5640.57,"1,000 Tons"
2015,June,Industry,5896.34,"1,000 Tons"
2015,July,Industry,5680.5,"1,000 Tons"
2015,August,Industry,5346.51,"1,000 Tons"
2015,September,Industry,5552.85,"1,000 Tons"
2015,October,Industry,5425.19,"1,000 Tons"
2015,November,Industry,5463.15,"1,000 Tons"
2015,December,Industry,5398.46,"1,000 Tons"
2015,January,Other,1677.57,"1,000 Tons"
2015,February,Other,1552.38,"1,000 Tons"
2015,March,Other,1679.86,"1,000 Tons"
2015,April,Other,1608.47,"1,000 Tons"
2015,May,Other,1655.15,"1,000 Tons"
2015,June,Other,1577.54,"1,000 Tons"
2015,July,Other,1599.52,"1,000 Tons"
2015,August,Other,1587.09,"1,000 Tons"
2015,September,Other,1509.88,"1,000 Tons"
2015,October,Other,1587.53,"1,000 Tons"
2015,November,Other,1611.12,"1,000 Tons"
2015,December,Other,1762,"1,000 Tons"
2016,January,Power Generation,7825.4,"1,000 Tons"
2016,February,Power Generation,7521.75,"1,000 Tons"
2016,March,Power Generation,8860.2,"1,000 Tons"
2016,April,Power Generation,8685.52,"1,000 Tons"
2016,May,Power Generation,8940.09,"1,000 Tons"
2016,June,Power Generation,8246.86,"1,000 Tons"
2016,July,Power Generation,7909.68,"1,000 Tons"
2016,August,Power Generation,8375.97,"1,000 Tons"
2016,September,Power Generation,8414.83,"1,000 Tons"
2016,October,Power Generation,8249.75,"1,000 Tons"
2016,November,Power Generation,7699.04,"1,000 Tons"
2016,December,Power Generation,7674.85,"1,000 Tons"
2016,January,Transport,5556.59,"1,000 Tons"
2016,February,Transport,5488.08,"1,000 Tons"
2016,March,Transport,5809.84,"1,000 Tons"
2016,April,Transport,5525.3,"1,000 Tons"
2016,May,Transport,5722.33,"1,000 Tons"
2016,June,Transport,5375.32,"1,000 Tons"
2016,July,Transport,5356.42,"1,000 Tons"
2016,August,Transport,5509.74,"1,000 Tons"
2016,September,Transport,5227.26,"1,000 Tons"
2016,October,Transport,5226.75,"1,000 Tons"
2016,November,Transport,5520.34,"1,000 Tons"
2016,December,Transport,5912.37,"1,000 Tons"
2016,January,Industry,6896.36,"1,000 Tons"
2016,February,Industry,6698.98,"1,000 Tons"
2016,March,Industry,6699.61,"1,000 Tons"
2016,April,Industry,6238.76,"1,000 Tons"
2016,May,Industry,6738.56,"1,000 Tons"
2016,June,Industry,6372.51,"1,000 Tons"
2016,July,Industry,6492.64,"1,000 Tons"
2016,August,Industry,6515.18,"1,000 Tons"
2016,September,Industry,6134.48,"1,000 Tons"
2016,October,Industry,6258.58,"1,000 Tons"
2016,November,Industry,6413.32,"1,000 Tons"
2016,December,Industry,6518.71,"1,000 Tons"
2016,January,Other,1366.75,"1,000 Tons"
2016,February,Other,1346.15,"1,000 Tons"
2016,March,Other,1406.73,"1,000 Tons"
2016,April,Other,1306.38,"1,000 Tons"
2016,May,Other,1369.6,"1,000 Tons"
2016,June,Other,1309.17,"1,000 Tons"
2016,July,Other,1292.91,"1,000 Tons"
2016,August,Other,1331.21,"1,000 Tons"
2016,September,Other,1284.57,"1,000 Tons"
2016,October,Other,1277.32,"1,000 Tons"
2016,November,Other,1346.38,"1,000 Tons"
2016,December,Other,1442.45,"1,000 Tons"
2017,January,Power Generation,7594.12,"1,000 Tons"
2017,February,Power Generation,7134.21,"1,000 Tons"
2017,March,Power Generation,8377.58,"1,000 Tons"
2017,April,Power Generation,7904.44,"1,000 Tons"
2017,May,Power Generation,8536.68,"1,000 Tons"
2017,June,Power Generation,8237.27,"1,000 Tons"
2017,July,Power Generation,7919.61,"1,000 Tons"
2017,August,Power Generation,8323.92,"1,000 Tons"
2017,September,Power Generation,7981.21,"1,000 Tons"
2017,October,Power Generation,8048.27,"1,000 Tons"
2017,November,Power Generation,7598.64,"1,000 Tons"
2017,December,Power Generation,7127.56,"1,000 Tons"
2017,January,Transport,5535.28,"1,000 Tons"
2017,February,Transport,5343.58,"1,000 Tons"
2017,March,Transport,6011.5,"1,000 Tons"
2017,April,Transport,5471.26,"1,000 Tons"
2017,May,Transport,5768.75,"1,000 Tons"
2017,June,Transport,5651.36,"1,000 Tons"
2017,July,Transport,5522.03,"1,000 Tons"
2017,August,Transport,5591.92,"1,000 Tons"
2017,September,Transport,5434.8,"1,000 Tons"
2017,October,Transport,5387.83,"1,000 Tons"
2017,November,Transport,5572.54,"1,000 Tons"
2017,December,Transport,5963.32,"1,000 Tons"
2017,January,Industry,6572.74,"1,000 Tons"
2017,February,Industry,6521.79,"1,000 Tons"
2017,March,Industry,7214.47,"1,000 Tons"
2017,April,Industry,6629.2,"1,000 Tons"
2017,May,Industry,6491.93,"1,000 Tons"
2017,June,Industry,6860.32,"1,000 Tons"
2017,July,Industry,6456.16,"1,000 Tons"
2017,August,Industry,6648.98,"1,000 Tons"
2017,September,Industry,6556.32,"1,000 Tons"
2017,October,Industry,6594.43,"1,000 Tons"
2017,November,Industry,6591.19,"1,000 Tons"
2017,December,Industry,6518.61,"1,000 Tons"
2017,January,Other,1373.84,"1,000 Tons"
2017,February,Other,1325.98,"1,000 Tons"
2017,March,Other,1466.07,"1,000 Tons"
2017,April,Other,1320.38,"1,000 Tons"
2017,May,Other,1406.92,"1,000 Tons"
2017,June,Other,1363.25,"1,000 Tons"
2017,July,Other,1337.26,"1,000 Tons"
2017,August,Other,1369.3,"1,000 Tons"
2017,September,Other,1328.2,"1,000 Tons"
2017,October,Other,1313.81,"1,000 Tons"
2017,November,Other,1384.05,"1,000 Tons"
2017,December,Other,1471.02,"1,000 Tons"
2018,January,Power Generation,7554.67,"1,000 Tons"
2018,February,Power Generation,7046.56,"1,000 Tons"
2018,March,Power Generation,8383.14,"1,000 Tons"
2018,April,Power Generation,7816.46,"1,000 Tons"
2018,May,Power Generation,8424.14,"1,000 Tons"
2018,June,Power Generation,8357.78,"1,000 Tons"
2018,July,Power Generation,8272.76,"1,000 Tons"
2018,August,Power Generation,7979.01,"1,000 Tons"
2018,September,Power Generation,7539.5,"1,000 Tons"
2018,October,Power Generation,8003.42,"1,000 Tons"
2018,November,Power Generation,7644.6,"1,000 Tons"
2018,December,Power Generation,7294.61,"1,000 Tons"
2018,January,Transport,5783.96,"1,000 Tons"
2018,February,Transport,5525.68,"1,000 Tons"
2018,March,Transport,6122.48,"1,000 Tons"
2018,April,Transport,5682.22,"1,000 Tons"
2018,May,Transport,5736.75,"1,000 Tons"
2018,June,Transport,5577.21,"1,000 Tons"
2018,July,Transport,5463.45,"1,000 Tons"
2018,August,Transport,5609.57,"1,000 Tons"
2018,September,Transport,5188.37,"1,000 Tons"
2018,October,Transport,5509.41,"1,000 Tons"
2018,November,Transport,5688.57,"1,000 Tons"
2018,December,Transport,6040.72,"1,000 Tons"
2018,January,Industry,7386.72,"1,000 Tons"
2018,February,Industry,6475.86,"1,000 Tons"
2018,March,Industry,7682.62,"1,000 Tons"
2018,April,Industry,6574.72,"1,000 Tons"
2018,May,Industry,6340.34,"1,000 Tons"
2018,June,Industry,6985.48,"1,000 Tons"
2018,July,Industry,6938.8,"1,000 Tons"
2018,August,Industry,6996.1,"1,000 Tons"
2018,September,Industry,6673.84,"1,000 Tons"
2018,October,Industry,6700.28,"1,000 Tons"
2018,November,Industry,6445.07,"1,000 Tons"
2018,December,Industry,6389.73,"1,000 Tons"
2018,January,Other,1444,"1,000 Tons"
2018,February,Other,1357.07,"1,000 Tons"
2018,March,Other,1488.78,"1,000 Tons"
2018,April,Other,1374.79,"1,000 Tons"
2018,May,Other,1404.37,"1,000 Tons"
2018,June,Other,1352.72,"1,000 Tons"
2018,July,Other,1334.76,"1,000 Tons"
2018,August,Other,1386.01,"1,000 Tons"
2018,September,Other,1288.74,"1,000 Tons"
2018,October,Other,1356.51,"1,000 Tons"
2018,November,Other,1394.97,"1,000 Tons"
2018,December,Other,1463.25,"1,000 Tons"
2019,January,Power Generation,7371.12,"1,000 Tons"
2019,February,Power Generation,7251.65,"1,000 Tons"
2019,March,Power Generation,8481,"1,000 Tons"
2019,April,Power Generation,8334.02,"1,000 Tons"
2019,May,Power Generation,8617.02,"1,000 Tons"
2019,June,Power Generation,8238.02,"1,000 Tons"
2019,July,Power Generation,8244.63,"1,000 Tons"
2019,August,Power Generation,7713.59,"1,000 Tons"
2019,September,Power Generation,7569.88,"1,000 Tons"
2019,October,Power Generation,8181.7,"1,000 Tons"
2019,November,Power Generation,7682.72,"1,000 Tons"
2019,December,Power Generation,6669.14,"1,000 Tons"
2019,January,Transport,6605.77,"1,000 Tons"
2019,February,Transport,6119.09,"1,000 Tons"
2019,March,Transport,6806.93,"1,000 Tons"
2019,April,Transport,6434.02,"1,000 Tons"
2019,May,Transport,6574.71,"1,000 Tons"
2019,June,Transport,6280.97,"1,000 Tons"
2019,July,Transport,6385.25,"1,000 Tons"
2019,August,Transport,6259.98,"1,000 Tons"
2019,September,Transport,5859.89,"1,000 Tons"
2019,October,Transport,6352.62,"1,000 Tons"
2019,November,Transport,6382.68,"1,000 Tons"
2019,December,Transport,6609.78,"1,000 Tons"
2019,January,Industry,5928.64,"1,000 Tons"
2019,February,Industry,5269.31,"1,000 Tons"
2019,March,Industry,6303.89,"1,000 Tons"
2019,April,Industry,6151.44,"1,000 Tons"
2019,May,Industry,6012.4,"1,000 Tons"
2019,June,Industry,5670.85,"1,000 Tons"
2019,July,Industry,6087.31,"1,000 Tons"
2019,August,Industry,6236.61,"1,000 Tons"
2019,September,Industry,5768.88,"1,000 Tons"
2019,October,Industry,5700.71,"1,000 Tons"
2019,November,Industry,5619.74,"1,000 Tons"
2019,December,Industry,5688.7,"1,000 Tons"
2019,January,Other,1394.24,"1,000 Tons"
2019,February,Other,1276.32,"1,000 Tons"
2019,March,Other,1398.93,"1,000 Tons"
2019,April,Other,1314.04,"1,000 Tons"
2019,May,Other,1362.36,"1,000 Tons"
2019,June,Other,1295.2,"1,000 Tons"
2019,July,Other,1337.44,"1,000 Tons"
2019,August,Other,1323.63,"1,000 Tons"
2019,September,Other,1251.68,"1,000 Tons"
2019,October,Other,1321.54,"1,000 Tons"
2019,November,Other,1335.52,"1,000 Tons"
2019,December,Other,1373.58,"1,000 Tons"
2020,January,Power Generation,7825.23,"1,000 Tons"
2020,February,Power Generation,7454.65,"1,000 Tons"
2020,March,Power Generation,8385.94,"1,000 Tons"
2020,April,Power Generation,7509.18,"1,000 Tons"
2020,May,Power Generation,8026.04,"1,000 Tons"
2020,June,Power Generation,7834.72,"1,000 Tons"
2020,July,Power Generation,7761.06,"1,000 Tons"
2020,August,Power Generation,7399.28,"1,000 Tons"
2020,September,Power Generation,7313.29,"1,000 Tons"
2020,October,Power Generation,7340.05,"1,000 Tons"
2020,November,Power Generation,7175.17,"1,000 Tons"
2020,December,Power Generation,6853.05,"1,000 Tons"
2020,January,Transport,6757.28,"1,000 Tons"
2020,February,Transport,6332.79,"1,000 Tons"
2020,March,Transport,6476.01,"1,000 Tons"
2020,April,Transport,5391.64,"1,000 Tons"
2020,May,Transport,6006.67,"1,000 Tons"
2020,June,Transport,5972.57,"1,000 Tons"
2020,July,Transport,6297.09,"1,000 Tons"
2020,August,Transport,6274.14,"1,000 Tons"
2020,September,Transport,6207.28,"1,000 Tons"
2020,October,Transport,5966.49,"1,000 Tons"
2020,November,Transport,6357.7,"1,000 Tons"
2020,December,Transport,6545.96,"1,000 Tons"
2020,January,Industry,6156.03,"1,000 Tons"
2020,February,Industry,5602.22,"1,000 Tons"
2020,March,Industry,5625.67,"1,000 Tons"
2020,April,Industry,5200.3,"1,000 Tons"
2020,May,Industry,5492.11,"1,000 Tons"
2020,June,Industry,5364.88,"1,000 Tons"
2020,July,Industry,5527.64,"1,000 Tons"
2020,August,Industry,5638.82,"1,000 Tons"
2020,September,Industry,5966.42,"1,000 Tons"
2020,October,Industry,6092.35,"1,000 Tons"
2020,November,Industry,6488.26,"1,000 Tons"
2020,December,Industry,6412.62,"1,000 Tons"
2020,January,Other,1195.02,"1,000 Tons"
2020,February,Other,1122.03,"1,000 Tons"
2020,March,Other,1154.07,"1,000 Tons"
2020,April,Other,1009.6,"1,000 Tons"
2020,May,Other,1082.02,"1,000 Tons"
2020,June,Other,1079.34,"1,000 Tons"
2020,July,Other,1131.53,"1,000 Tons"
2020,August,Other,1129.72,"1,000 Tons"
2020,September,Other,1108.9,"1,000 Tons"
2020,October,Other,1106.44,"1,000 Tons"
2020,November,Other,1144.73,"1,000 Tons"
2020,December,Other,1196.75,"1,000 Tons"
2021,January,Power Generation,6574.64,"1,000 Tons"
2021,February,Power Generation,6961.16,"1,000 Tons"
2021,March,Power Generation,8174.14,"1,000 Tons"
2021,April,Power Generation,7594.76,"1,000 Tons"
2021,May,Power Generation,8111.65,"1,000 Tons"
2021,June,Power Generation,7635.62,"1,000 Tons"
2021,July,Power Generation,7680.65,"1,000 Tons"
2021,August,Power Generation,7504.96,"1,000 Tons"
2021,September,Power Generation,6630.51,"1,000 Tons"
2021,January,Transport,5635.08,"1,000 Tons"
2021,February,Transport,5774.1,"1,000 Tons"
2021,March,Transport,6693.21,"1,000 Tons"
2021,April,Transport,5883.18,"1,000 Tons"
2021,May,Transport,5545.64,"1,000 Tons"
2021,June,Transport,5576.26,"1,000 Tons"
2021,July,Transport,5053.32,"1,000 Tons"
2021,August,Transport,4952.65,"1,000 Tons"
2021,September,Transport,5029.33,"1,000 Tons"
2021,January,Industry,6349.83,"1,000 Tons"
2021,February,Industry,5840.58,"1,000 Tons"
2021,March,Industry,6724.61,"1,000 Tons"
2021,April,Industry,6455.08,"1,000 Tons"
2021,May,Industry,6566.69,"1,000 Tons"
2021,June,Industry,6482.87,"1,000 Tons"
2021,July,Industry,6445.35,"1,000 Tons"
2021,August,Industry,6557.51,"1,000 Tons"
2021,September,Industry,6299.91,"1,000 Tons"
2021,January,Other,1098.14,"1,000 Tons"
2021,February,Other,1084.95,"1,000 Tons"
2021,March,Other,1207.16,"1,000 Tons"
2021,April,Other,1086.6,"1,000 Tons"
2021,May,Other,1065.56,"1,000 Tons"
2021,June,Other,1054.04,"1,000 Tons"
2021,July,Other,1008.15,"1,000 Tons"
2021,August,Other,990.55,"1,000 Tons"
2021,September,Other,998.32,"1,000 Tons"
2021,October,Power Generation,7400.3,"1,000 Tons"
2021,October,Transport,5578.93,"1,000 Tons"
2021,October,Industry,5744.2,"1,000 Tons"
2021,October,Other,1074.34,"1,000 Tons"
2021,November,Power Generation,7204.78,"1,000 Tons"
2021,November,Transport,6316.03,"1,000 Tons"
2021,November,Industry,6181.16,"1,000 Tons"
2021,November,Other,1174.87,"1,000 Tons"
2021,December,Power Generation,6806.14,"1,000 Tons"
2021,December,Transport,7018.46,"1,000 Tons"
2021,December,Industry,6811.87,"1,000 Tons"
2021,December,Other,1287.62,"1,000 Tons"
2022,January,Power Generation,6613.59,"1,000 Tons"
2022,January,Transport,6785.72,"1,000 Tons"
2022,January,Industry,7140.77,"1,000 Tons"
2022,January,Other,1251.69,"1,000 Tons"
2022,February,Power Generation,6542.1,"1,000 Tons"
2022,February,Transport,6231.9,"1,000 Tons"
2022,February,Industry,6489.67,"1,000 Tons"
2022,February,Other,1153.4,"1,000 Tons"
2022,March,Power Generation,7992.49,"1,000 Tons"
2022,March,Transport,6593.49,"1,000 Tons"
2022,March,Industry,7193.14,"1,000 Tons"
2022,March,Other,1258.84,"1,000 Tons"
2022,April,Power Generation,6900.95,"1,000 Tons"
2022,April,Transport,6799.6,"1,000 Tons"
2022,April,Industry,7264.61,"1,000 Tons"
2022,April,Other,1226.48,"1,000 Tons"
2022,May,Power Generation,7770.42,"1,000 Tons"
2022,May,Transport,6450.5,"1,000 Tons"
2022,May,Industry,7357.52,"1,000 Tons"
2022,May,Other,1191.25,"1,000 Tons"
2022,June,Power Generation,7228.2,"1,000 Tons"
2022,June,Transport,6300.28,"1,000 Tons"
2022,June,Industry,7141.03,"1,000 Tons"
2022,June,Other,1162.15,"1,000 Tons"
